[{"id":1,"first_name":"Pebrook","last_name":"Aynold","email":"paynold0@economist.com","phone":"819-6727","address":"77070 Ilene Crossing"},
{"id":2,"first_name":"Tracy","last_name":"Harvey","email":"tharvey1@yale.edu","phone":"567-7238","address":"8 Jenna Crossing"},
{"id":3,"first_name":"Lewes","last_name":"Byart","email":"lbyart2@tamu.edu","phone":"496-9469","address":"3446 Canary Drive"},
{"id":4,"first_name":"Dwight","last_name":"Kachel","email":"dkachel3@trellian.com","phone":"420-6655","address":"8626 Jana Plaza"},
{"id":5,"first_name":"Dalston","last_name":"Guinnane","email":"dguinnane4@cnet.com","phone":"986-7196","address":"53208 New Castle Hill"},
{"id":6,"first_name":"Letisha","last_name":"Bragginton","email":"lbragginton5@chronoengine.com","phone":"131-8602","address":"89235 Delladonna Plaza"},
{"id":7,"first_name":"Aurlie","last_name":"Rassell","email":"arassell6@apache.org","phone":"565-4264","address":"545 Buena Vista Center"},
{"id":8,"first_name":"Reeta","last_name":"Tower","email":"rtower7@mashable.com","phone":"100-5864","address":"924 Bartelt Circle"},
{"id":9,"first_name":"Flory","last_name":"Purcer","email":"fpurcer8@behance.net","phone":"952-3745","address":"29 Fremont Street"},
{"id":10,"first_name":"Faustina","last_name":"Hurst","email":"fhurst9@wikispaces.com","phone":"263-3430","address":"57 Westend Plaza"},
{"id":11,"first_name":"Marie-jeanne","last_name":"Warde","email":"mwardea@123-reg.co.uk","phone":"754-5363","address":"810 Springview Court"},
{"id":12,"first_name":"Ab","last_name":"Lisimore","email":"alisimoreb@bandcamp.com","phone":"383-9708","address":"24 Sommers Point"},
{"id":13,"first_name":"Alfons","last_name":"Dumelow","email":"adumelowc@qq.com","phone":"901-4036","address":"025 Linden Alley","tapes":[{"id":145,"borrow_date":"2017-06-08","return_date":"2017-09-02"},{"id":365,"borrow_date":"2017-09-19","return_date":"2017-11-26"}]},
{"id":14,"first_name":"Teddi","last_name":"Polland","email":"tpollandd@networksolutions.com","phone":"888-7370","address":"237 Havey Lane","tapes":[{"id":298,"borrow_date":"2016-04-20","return_date":"2016-05-23"},{"id":204,"borrow_date":"2016-05-01","return_date":"2016-05-23"},{"id":772,"borrow_date":"2018-07-05","return_date":"2018-07-11"}]},
{"id":15,"first_name":"Brandise","last_name":"Artingstall","email":"bartingstalle@cargocollective.com","phone":"525-7245","address":"3 American Trail"},
{"id":16,"first_name":"Gunar","last_name":"Banat","email":"gbanatf@jalbum.net","phone":"273-8938","address":"14 Golden Leaf Terrace"},
{"id":17,"first_name":"Gates","last_name":"Roycroft","email":"groycroftg@google.com.br","phone":"207-7267","address":"88 Crescent Oaks Plaza"},
{"id":18,"first_name":"Glenine","last_name":"Yegorkov","email":"gyegorkovh@cloudflare.com","phone":"460-0279","address":"1 Sommers Lane"},
{"id":19,"first_name":"Toby","last_name":"Yakovitch","email":"tyakovitchi@oracle.com","phone":"582-1387","address":"92 Canary Circle"},
{"id":20,"first_name":"Tyne","last_name":"Bridat","email":"tbridatj@yellowbook.com","phone":"131-4899","address":"9 Dottie Circle"},
{"id":21,"first_name":"Nancy","last_name":"Retallick","email":"nretallickk@nih.gov","phone":"310-6989","address":"1 Debra Park","tapes":[{"id":71,"borrow_date":"2017-06-11","return_date":"2017-07-24"},{"id":843,"borrow_date":"2016-05-07","return_date":null}]},
{"id":22,"first_name":"Kaylee","last_name":"Ashpital","email":"kashpitall@jugem.jp","phone":"415-2325","address":"3512 Marcy Circle"},
{"id":23,"first_name":"Julianne","last_name":"Eccleston","email":"jecclestonm@51.la","phone":"806-2016","address":"88 Fordem Drive"},
{"id":24,"first_name":"Humfrey","last_name":"Sprade","email":"hspraden@mediafire.com","phone":"487-8546","address":"347 Kingsford Terrace","tapes":[{"id":243,"borrow_date":"2018-03-05","return_date":"2018-07-02"},{"id":230,"borrow_date":"2017-10-27","return_date":null},{"id":303,"borrow_date":"2017-07-21","return_date":null}]},
{"id":25,"first_name":"Lilian","last_name":"Altree","email":"laltreeo@fema.gov","phone":"636-9105","address":"8 Oriole Court"},
{"id":26,"first_name":"Jeff","last_name":"Jeandon","email":"jjeandonp@vimeo.com","phone":"589-7885","address":"7 Clarendon Hill"},
{"id":27,"first_name":"Tallou","last_name":"Flaxman","email":"tflaxmanq@spiegel.de","phone":"236-1634","address":"21 Esch Pass"},
{"id":28,"first_name":"Jessika","last_name":"Jeppensen","email":"jjeppensenr@go.com","phone":"140-9958","address":"551 Esch Plaza"},
{"id":29,"first_name":"Hansiain","last_name":"Rubenchik","email":"hrubenchiks@xing.com","phone":"391-4641","address":"66 Hoffman Lane","tapes":[{"id":569,"borrow_date":"2017-01-22","return_date":"2017-01-23"},{"id":809,"borrow_date":"2016-03-15","return_date":"2016-05-28"}]},
{"id":30,"first_name":"Willi","last_name":"Caves","email":"wcavest@dell.com","phone":"265-7694","address":"4811 Sage Street"},
{"id":31,"first_name":"Berta","last_name":"Beels","email":"bbeelsu@last.fm","phone":"553-5978","address":"83755 Holy Cross Street"},
{"id":32,"first_name":"Wood","last_name":"Peffer","email":"wpefferv@microsoft.com","phone":"473-8738","address":"2456 Northview Avenue"},
{"id":33,"first_name":"Ophelia","last_name":"Hucker","email":"ohuckerw@elegantthemes.com","phone":"242-3762","address":"6 Lunder Center"},
{"id":34,"first_name":"Cornelia","last_name":"Abrashkov","email":"cabrashkovx@arstechnica.com","phone":"539-2788","address":"115 Transport Circle"},
{"id":35,"first_name":"Kimbra","last_name":"Hembrow","email":"khembrowy@google.es","phone":"293-1288","address":"1341 Merrick Circle"},
{"id":36,"first_name":"Saidee","last_name":"Foord","email":"sfoordz@typepad.com","phone":"530-6311","address":"635 Spohn Point"},
{"id":37,"first_name":"Cynthie","last_name":"Duchart","email":"cduchart10@360.cn","phone":"130-2130","address":"9871 Stoughton Street"},
{"id":38,"first_name":"Cicely","last_name":"Bardill","email":"cbardill11@bravesites.com","phone":"777-1274","address":"927 Rusk Trail","tapes":[{"id":777,"borrow_date":"2017-07-05","return_date":"2017-09-22"}]},
{"id":39,"first_name":"Levi","last_name":"Roselli","email":"lroselli12@timesonline.co.uk","phone":"697-2398","address":"6996 Monica Center","tapes":[{"id":118,"borrow_date":"2017-02-17","return_date":"2017-03-10"},{"id":602,"borrow_date":"2017-05-12","return_date":"2017-06-21"}]},
{"id":40,"first_name":"Letitia","last_name":"Calles","email":"lcalles13@timesonline.co.uk","phone":"545-4483","address":"536 Independence Point"},
{"id":41,"first_name":"Toma","last_name":"Libbie","email":"tlibbie14@ihg.com","phone":"414-2408","address":"41151 Prairieview Point"},
{"id":42,"first_name":"Cesar","last_name":"Thompson","email":"cthompson15@live.com","phone":"364-4892","address":"7 Cordelia Way","tapes":[{"id":939,"borrow_date":"2016-04-13","return_date":"2016-04-14"}]},
{"id":43,"first_name":"Tully","last_name":"Basley","email":"tbasley16@sohu.com","phone":"496-4936","address":"7 Moulton Hill","tapes":[{"id":281,"borrow_date":"2017-01-01","return_date":"2017-02-21"},{"id":979,"borrow_date":"2018-04-07","return_date":"2018-05-24"},{"id":925,"borrow_date":"2017-09-17","return_date":"2017-09-30"}]},
{"id":44,"first_name":"Noah","last_name":"Brosenius","email":"nbrosenius17@upenn.edu","phone":"565-0638","address":"97 Corry Parkway"},
{"id":45,"first_name":"Jasen","last_name":"Petkens","email":"jpetkens18@vkontakte.ru","phone":"309-0404","address":"1075 Schlimgen Place"},
{"id":46,"first_name":"Ernesto","last_name":"Walthall","email":"ewalthall19@netvibes.com","phone":"242-1532","address":"3848 Russell Street"},
{"id":47,"first_name":"Nathalia","last_name":"Spurett","email":"nspurett1a@craigslist.org","phone":"948-5939","address":"11 Monument Junction"},
{"id":48,"first_name":"Mannie","last_name":"Sieghard","email":"msieghard1b@imageshack.us","phone":"724-2080","address":"1 Randy Circle"},
{"id":49,"first_name":"Miriam","last_name":"Straneo","email":"mstraneo1c@stanford.edu","phone":"859-1542","address":"78 Kropf Point"},
{"id":50,"first_name":"Carleen","last_name":"Matys","email":"cmatys1d@rediff.com","phone":"864-4597","address":"535 Sloan Point"},
{"id":51,"first_name":"Palmer","last_name":"Clabburn","email":"pclabburn1e@samsung.com","phone":"405-5168","address":"1442 Birchwood Place"},
{"id":52,"first_name":"Elisa","last_name":"Saffrin","email":"esaffrin1f@va.gov","phone":"415-9453","address":"89573 Golf Course Drive"},
{"id":53,"first_name":"Wendell","last_name":"Donoghue","email":"wdonoghue1g@com.com","phone":"209-1282","address":"74 Heath Pass"},
{"id":54,"first_name":"Gianni","last_name":"Scartifield","email":"gscartifield1h@toplist.cz","phone":"726-1885","address":"45 Lawn Lane"},
{"id":55,"first_name":"Gonzales","last_name":"Habbert","email":"ghabbert1i@godaddy.com","phone":"978-8313","address":"2 Thompson Hill"},
{"id":56,"first_name":"Virgie","last_name":"Tansey","email":"vtansey1j@edublogs.org","phone":"942-0465","address":"66636 Walton Drive"},
{"id":57,"first_name":"Ramona","last_name":"Stiffkins","email":"rstiffkins1k@ning.com","phone":"840-5931","address":"4053 Holmberg Drive"},
{"id":58,"first_name":"Darby","last_name":"Milvarnie","email":"dmilvarnie1l@delicious.com","phone":"273-0036","address":"32656 Ronald Regan Parkway"},
{"id":59,"first_name":"Genna","last_name":"Chezier","email":"gchezier1m@census.gov","phone":"162-8532","address":"293 Bellgrove Terrace"},
{"id":60,"first_name":"Celia","last_name":"McBoyle","email":"cmcboyle1n@mail.ru","phone":"576-4396","address":"60815 Paget Junction"},
{"id":61,"first_name":"Charlton","last_name":"Duckers","email":"cduckers1o@cbslocal.com","phone":"468-1353","address":"9 Aberg Terrace"},
{"id":62,"first_name":"Cati","last_name":"Damiata","email":"cdamiata1p@umich.edu","phone":"428-7276","address":"9989 Lyons Lane"},
{"id":63,"first_name":"Marleah","last_name":"Lashford","email":"mlashford1q@multiply.com","phone":"435-9431","address":"56 Fulton Way"},
{"id":64,"first_name":"Misty","last_name":"Bleesing","email":"mbleesing1r@ted.com","phone":"487-5934","address":"588 Kedzie Road"},
{"id":65,"first_name":"Christie","last_name":"Guiden","email":"cguiden1s@netscape.com","phone":"657-6606","address":"11244 Raven Place"},
{"id":66,"first_name":"Nadia","last_name":"Crankshaw","email":"ncrankshaw1t@cam.ac.uk","phone":"750-6056","address":"296 Rockefeller Junction"},
{"id":67,"first_name":"Izaak","last_name":"MacBain","email":"imacbain1u@sphinn.com","phone":"908-2939","address":"2 Westend Park"},
{"id":68,"first_name":"Merrel","last_name":"Baumaier","email":"mbaumaier1v@google.ca","phone":"416-1285","address":"92 Ilene Center"},
{"id":69,"first_name":"Frank","last_name":"Kivelhan","email":"fkivelhan1w@rediff.com","phone":"210-1132","address":"5354 Lillian Place"},
{"id":70,"first_name":"Ladonna","last_name":"Traviss","email":"ltraviss1x@artisteer.com","phone":"366-0882","address":"343 Logan Circle"},
{"id":71,"first_name":"Verene","last_name":"Rogier","email":"vrogier1y@zimbio.com","phone":"791-8830","address":"91928 Comanche Place"},
{"id":72,"first_name":"Maxi","last_name":"Arkin","email":"markin1z@hubpages.com","phone":"721-5978","address":"36 John Wall Plaza","tapes":[{"id":965,"borrow_date":"2018-03-05","return_date":null}]},
{"id":73,"first_name":"Eberto","last_name":"Grumbridge","email":"egrumbridge20@photobucket.com","phone":"352-0008","address":"75484 Sugar Junction"},
{"id":74,"first_name":"Trenton","last_name":"Luckin","email":"tluckin21@mac.com","phone":"868-5872","address":"061 Ludington Parkway"},
{"id":75,"first_name":"Fanchon","last_name":"Canario","email":"fcanario22@eepurl.com","phone":"594-1997","address":"1 Becker Way"},
{"id":76,"first_name":"Carita","last_name":"Sumption","email":"csumption23@cbc.ca","phone":"213-4068","address":"16 Loftsgordon Lane","tapes":[{"id":943,"borrow_date":"2016-12-05","return_date":"2017-02-01"},{"id":605,"borrow_date":"2016-12-09","return_date":"2017-03-11"},{"id":219,"borrow_date":"2017-06-10","return_date":"2017-07-02"}]},
{"id":77,"first_name":"Holly","last_name":"De Anesy","email":"hdeanesy24@wiley.com","phone":"983-7837","address":"68 Oak Pass"},
{"id":78,"first_name":"Alanah","last_name":"Dillicate","email":"adillicate25@mit.edu","phone":"850-6425","address":"13 Green Ridge Avenue"},
{"id":79,"first_name":"Selina","last_name":"Craik","email":"scraik26@tamu.edu","phone":"198-7645","address":"84 New Castle Drive"},
{"id":80,"first_name":"Brannon","last_name":"Gisbey","email":"bgisbey27@opensource.org","phone":"631-2737","address":"4 Express Avenue"},
{"id":81,"first_name":"Elvyn","last_name":"Burel","email":"eburel28@army.mil","phone":"573-8287","address":"36 Hintze Avenue","tapes":[{"id":405,"borrow_date":"2016-03-27","return_date":"2016-06-22"},{"id":157,"borrow_date":"2016-12-01","return_date":null}]},
{"id":82,"first_name":"Glenine","last_name":"Howard - Gater","email":"ghowardgater29@ezinearticles.com","phone":"971-9616","address":"567 Dwight Alley"},
{"id":83,"first_name":"Alfi","last_name":"Bednell","email":"abednell2a@vimeo.com","phone":"703-8340","address":"0 Northview Way","tapes":[{"id":582,"borrow_date":"2018-08-26","return_date":"2018-12-20"},{"id":791,"borrow_date":"2016-11-14","return_date":null},{"id":482,"borrow_date":"2016-03-08","return_date":"2016-06-07"}]},
{"id":84,"first_name":"Beret","last_name":"Avory","email":"bavory2b@csmonitor.com","phone":"792-5143","address":"3901 Morrow Street","tapes":[{"id":577,"borrow_date":"2016-10-11","return_date":"2016-10-13"}]},
{"id":85,"first_name":"Charmaine","last_name":"Cholton","email":"ccholton2c@issuu.com","phone":"336-0643","address":"79 Bellgrove Park"},
{"id":86,"first_name":"Willie","last_name":"Goodyer","email":"wgoodyer2d@weibo.com","phone":"808-9273","address":"89021 Milwaukee Plaza"},
{"id":87,"first_name":"Ellwood","last_name":"Proudman","email":"eproudman2e@dell.com","phone":"872-4746","address":"2076 American Ash Street"},
{"id":88,"first_name":"Cristin","last_name":"Speight","email":"cspeight2f@pbs.org","phone":"490-6116","address":"4 Garrison Terrace","tapes":[{"id":664,"borrow_date":"2018-07-26","return_date":"2018-07-31"},{"id":924,"borrow_date":"2016-06-29","return_date":"2016-09-01"},{"id":813,"borrow_date":"2018-01-22","return_date":"2018-03-03"}]},
{"id":89,"first_name":"Gerda","last_name":"Hurt","email":"ghurt2g@mtv.com","phone":"203-2596","address":"737 Weeping Birch Pass"},
{"id":90,"first_name":"Lock","last_name":"Caudwell","email":"lcaudwell2h@nih.gov","phone":"878-8705","address":"2 Lighthouse Bay Place"},
{"id":91,"first_name":"Lyndy","last_name":"Rothman","email":"lrothman2i@hibu.com","phone":"360-0381","address":"3057 Vermont Trail"},
{"id":92,"first_name":"Hobart","last_name":"Viggars","email":"hviggars2j@businessweek.com","phone":"954-7473","address":"736 Village Green Park"},
{"id":93,"first_name":"Colly","last_name":"Witch","email":"cwitch2k@about.com","phone":"359-9663","address":"7 Pennsylvania Terrace"},
{"id":94,"first_name":"Reyna","last_name":"Kezor","email":"rkezor2l@sitemeter.com","phone":"691-6307","address":"00423 Grayhawk Drive"},
{"id":95,"first_name":"Anabella","last_name":"Larwell","email":"alarwell2m@craigslist.org","phone":"270-0859","address":"00 Vernon Way"},
{"id":96,"first_name":"Sybila","last_name":"Stockley","email":"sstockley2n@squidoo.com","phone":"694-5543","address":"8 Summit Trail"},
{"id":97,"first_name":"Kyle","last_name":"Dabrowski","email":"kdabrowski2o@google.pl","phone":"122-2115","address":"22 Ridge Oak Avenue"},
{"id":98,"first_name":"Gerhard","last_name":"Phettiplace","email":"gphettiplace2p@hibu.com","phone":"261-7985","address":"3 Farwell Trail","tapes":[{"id":431,"borrow_date":"2016-03-08","return_date":null},{"id":920,"borrow_date":"2015-10-20","return_date":"2015-12-12"}]},
{"id":99,"first_name":"Sancho","last_name":"Heggadon","email":"sheggadon2q@spiegel.de","phone":"596-2198","address":"55 Autumn Leaf Terrace"},
{"id":100,"first_name":"Jessi","last_name":"Gerlts","email":"jgerlts2r@yahoo.co.jp","phone":"712-4153","address":"733 Doe Crossing Road"}]